nome,cpf,cargo,tempo_casa,habilidades_tecnicas,habilidades_especificas,habilidades_empoderamento,proficiencia,niveis,plano_tecnica,plano_especifica,plano_empoderamento
ADENILSON KLEBERSON SANTOS GOMES,82062790244,AJUDANTE DISTRIBUIÇÃO,Maior que 6 meses,100%,90.00%,42.86%,85.57%,Empoderamento I,colaborador compreender e tem total controle sobre sua rotina com expertise conhece o processo da operação.,treinar colaborador e demostrar o conhecimento sobre o IV/IC de devolução.,
ANTONIO PEREIRA DE SOUZA,52345785268,MANOBRISTA,Maior que 6 meses,100%,100.00%,30.77%,86.15%,Empoderamento I,,,
CASSIO JUNIOR SANTANA MATOS,5537486539,MOTORISTA CAMINHÃO DISTRIBUIÇÃO,Maior que 6 meses,90%,63.16%,0.00%,63.95%,Atendimento Proativo I,COLABORADOR ALINHADO COM PROCESSO CONHECE BEM SUA ROTINA. PRECISA DE UMA RECICLAGEM SOBRE SEU RETORNO DE ROTA.,,
CLAUDINEI DE SOUZA BORGES,29623568851,MOTORISTA CAMINHÃO DISTRIBUIÇÃO,Maior que 6 meses,100%,100.00%,26.67%,85.33%,Empoderamento I,colaborador realizar e compreende sua rotina na operação sem duvidas tem dominio de seu dia a dia na operação,,
DANIEL PORTO DA SILVA,1975276043,MOTORISTA CAMINHÃO DISTRIBUIÇÃO,Entre 2 e 6 meses,97%,Sem dados,Sem dados,48.33%,Atendimento Básico,Deve se atentar aos horários para participar diariamente,,
DELSON ARTUR QUEIROZ DOS SANTOS,45945438200,MANOBRISTA,Maior que 6 meses,100%,53.85%,Sem dados,66.15%,Atendimento Proativo II,,,
DOUGLAS DE ARAUJO SILVA,989092232,MOTORISTA CAMINHÃO DISTRIBUIÇÃO,Entre 2 e 6 meses,97%,Sem dados,Sem dados,48.33%,Atendimento Básico,Colaborador exerce muito bem suas atividades e segue as normas da empresa. Deve se atentar ao horário da matinal na qual não tem participado,,
EDSON DA SILVA,7934973454,MOTORISTA ENTREGADOR I,Maior que 6 meses,100%,95.00%,Sem dados,78.50%,Atendimento Proativo II,colaborador compreender e tem total controle sobre sua rotina com expertise conhece o processo da operação.,Demostrar e treinar o colaborador sobre o IV/IC de devolução.,
ELSON MILTON DOS REIS HOLANDA,79748724204,AJUDANTE DISTRIBUIÇÃO,Maior que 6 meses,85%,20.00%,0.00%,48.59%,Atendimento Básico,colaborador compreende e tem total controle sobre sua rotina com expertise porem tem pontos a desenvolver sobre retorno de rota e disciplina de horário.,,
ERICO DE CERQUEIRA SANTOS,5664352507,AJUDANTE DISTRIBUIÇÃO,Menor que 2 meses,Sem dados,Sem dados,Sem dados,Sem dados,Sem dados,,,
FABIO ALEXANDRE SOARES PEDROSO,3481259093,MOTORISTA CAMINHÃO DISTRIBUIÇÃO,Entre 2 e 6 meses,100%,Sem dados,Sem dados,50.00%,Atendimento Básico,Colaborador cumpre com suas atividades com qualidade e bom atendimento,,
FRANCISCO JEFFERSON MOREIRA DE SENA,43808085215,MOTORISTA CAMINHÃO DISTRIBUIÇÃO,Maior que 6 meses,53%,31.58%,26.67%,41.47%,Atendimento Básico,colaborador compreende a operação porém tem dificuldades em certas circunstâncias dentre elas das NOK. Necessário reciclagem com motorista educador sobre percepção de espaço ao conduzir veículo.,,
FRANQUE GAMA DA SILVA,4189225517,AJUDANTE DISTRIBUIÇÃO,Menor que 2 meses,Sem dados,Sem dados,Sem dados,Sem dados,Sem dados,,,
GERSON THALISSON PEREIRA DA CUNHA,5731601208,AJUDANTE DISTRIBUIÇÃO,Maior que 6 meses,85%,75.00%,0.00%,65.09%,Atendimento Proativo II,colaborador compreende e tem total controle sobre sua rotina. Reciclagem sobre uso de EPI com TST e supervisor.,,
GEYSON ALEXANDRE NASCIMENTO DOS SANTOS,1489344209,AJUDANTE DISTRIBUIÇÃO,Maior que 6 meses,93%,35.00%,0.00%,56.80%,Atendimento Proativo I,colaborador compreende e tem total controle sobre sua rotina. Precisa ter mais disciplina com horário de trabalho.,,
GILIAN MANUEL TOMAZ MOREIRA,9112905917,MOTORISTA CAMINHÃO DISTRIBUIÇÃO,Maior que 6 meses,100%,78.95%,13.33%,76.35%,Atendimento Proativo II,colaborador domina todo o processo de seu dia a dia dentro e fora da operação,,
HEBERT TEIXEIRA MALAQUIAS,9325114577,AJUDANTE DISTRIBUIÇÃO,Menor que 2 meses,Sem dados,Sem dados,Sem dados,Sem dados,Sem dados,,,
HELBERTY WATYSON DOS SANTOS FREITAS,86210966500,AJUDANTE DISTRIBUIÇÃO,Entre 2 e 6 meses,93%,Sem dados,Sem dados,46.30%,Atendimento Básico,Colaborador vem se desenvolvendo na rota sempre atencioso. Precisa realizar check 360 para verificar cone/carrinho esquecido.,,
HILKE LEON ROCHA DE AGUIAR,603055257,MOTORISTA CAMINHÃO DISTRIBUIÇÃO,Maior que 6 meses,90%,31.58%,0.00%,54.47%,Atendimento Proativo I,colaborador entende todo o processo da operação. Treinamento sobre fluxo de prestação física, 5S e ativo de giro.,,
IGOR EDUARDOI DA SILVA GUSMÃO,52624081844,AJUDANTE DISTRIBUIÇÃO,Menor que 2 meses,Sem dados,Sem dados,Sem dados,Sem dados,Sem dados,,,
JARLEM RAFAEL OLIVEIRA RODRIGUES,2588961240,MOTORISTA CAMINHÃO DISTRIBUIÇÃO,Maior que 6 meses,100%,100.00%,26.67%,85.33%,Empoderamento I,colaborador compreende e entende todo seu processo de operação tanto interno como externo.,,
JEAN ROGERIO SILVA,90816072949,AJUDANTE DISTRIBUIÇÃO,Maior que 6 meses,100%,90.00%,0.00%,77.00%,Atendimento Proativo II,colaborador compreender e tem total controle sobre sua rotina com expertise conhece o processo da operação.,,
JEFFERSON MACIEL,9156940939,MOTORISTA CAMINHÃO DISTRIBUIÇÃO,Entre 2 e 6 meses,100%,Sem dados,Sem dados,50.00%,Atendimento Básico,,,
JOAO DANIEL DE SOUZA FEITOSA,12287214755,AJUDANTE DISTRIBUIÇÃO,Entre 2 e 6 meses,100%,Sem dados,Sem dados,50.00%,Atendimento Básico,Realizar DTO de retorno de rota e Blitz de segurança. Colaborador alinhado, necessita acompanhamento de indicadores.,,
JOAO PEDRO SILVA PERALTA ZANUNCIO,8351639117,MOTORISTA CAMINHÃO DISTRIBUIÇÃO,Maior que 6 meses,100%,73.68%,0.00%,72.11%,Atendimento Proativo II,colaborador entende e compreende o processo da operação interno e externo.,,
JONATHAN DE ALMEIDA PEREIRA,2961638054,MOTORISTA CAMINHÃO DISTRIBUIÇÃO,Entre 2 e 6 meses,100%,Sem dados,Sem dados,50.00%,Atendimento Básico,Colaborador já tem expertise na rotina. Treinamento de fluxo de garrafas/garrafeiras e comodato.,,
JOSE RICARDO ROBINSON GONCALVES,90817168087,MOTORISTA CAMINHÃO DISTRIBUIÇÃO,Maior que 6 meses,100%,100.00%,26.67%,85.33%,Empoderamento I,Colaborador domina os processos já é multiplicador dentro da unidade.,Colaborador domina o processo.,Colaborador com vasta experiência e conhecimento de rota.
JOSUE GONCALVES DA SILVA,4002697088,AJUDANTE DISTRIBUIÇÃO,Entre 2 e 6 meses,100%,Sem dados,Sem dados,50.00%,Atendimento Básico,,,
JOSUE NUNES DA SILVA,2899408267,AJUDANTE DISTRIBUIÇÃO,Maior que 6 meses,100%,45.00%,0.00%,63.50%,Atendimento Proativo I,colaborador compreender e tem total controle sobre sua rotina com expertise conhece o processo da operação.,,
LAYLSON BATISTA LIMA,61748681338,AJUDANTE DISTRIBUIÇÃO,Entre 2 e 6 meses,100%,Sem dados,Sem dados,50.00%,Atendimento Básico,colaborador compreender e tem total controle sobre sua rotina com expertise conhece o processo da operação.,,
LEANDRO ROBINSON GONCALVES,2462887016,AJUDANTE DISTRIBUIÇÃO,Maior que 6 meses,100%,100.00%,42.86%,88.57%,Empoderamento I,Colaborador com bom desempenho e domina seus processos.,Colaborador experiente no desempenho de sua função. Não pode auxiliar (conduzir) veículos.,
LUCAS DA SILVA MORAIS,13294879903,AJUDANTE DISTRIBUIÇÃO,Maior que 6 meses,100%,90.00%,0.00%,77.00%,Atendimento Proativo II,colaborador compreender e tem total controle sobre sua rotina com expertise conhece o processo da operação.,,
LUCIANO OLIVEIRA DE SENA,95613811504,MOTORISTA CAMINHÃO DISTRIBUIÇÃO,Entre 2 e 6 meses,87%,Sem dados,Sem dados,43.33%,Atendimento Básico,Colaborador tem comportamento duvidoso sobre desempenhar o papel de motorista, volta ao CD antes do horário sem autorização e alto índice de devoluções.,,
LUIZ FERNANDO LOPES DA SILVA,15150229946,AJUDANTE DISTRIBUIÇÃO,Maior que 6 meses,100%,95.00%,Sem dados,78.50%,Atendimento Proativo II,Possui boa performance.,Colaborador muito comprometido, porém reforçar sobre o que é IV e sua funcionalidade.,
MATEUS DE CASTRO PAES,3747521258,AJUDANTE DISTRIBUIÇÃO,Maior que 6 meses,100%,90.00%,0.00%,77.00%,Atendimento Proativo II,colaborador compreender e tem total controle sobre sua rotina com expertise conhece o processo da operação.,,
MERCIDIEU EXAVEAU,23721082800,MOTORISTA CAMINHÃO DISTRIBUIÇÃO,Maior que 6 meses,100%,84.21%,0.00%,75.26%,Atendimento Proativo II,colaborador compreender e tem total controle sobre sua rotina com expertise conhece o processo da operação.,,
MOISES BRANDAO MAIA,83716270253,AJUDANTE DISTRIBUIÇÃO,Entre 2 e 6 meses,100%,Sem dados,Sem dados,50.00%,Atendimento Básico,,,
RAFAEL JUNIOR PEREIRA ALVES,8059477366,MOTORISTA CAMINHÃO DISTRIBUIÇÃO,Maior que 6 meses,83%,26.32%,0.00%,49.56%,Atendimento Básico,Colaborador tem expertise porém necessita atenção na demanda do dia a dia. Reciclagem com motorista educador e TST sobre EPI.,,
RAFAEL RAIMUNDO DA SILVA REIS,11511368403,AJUDANTE DISTRIBUIÇÃO,Maior que 6 meses,100%,50.00%,0.00%,65.00%,Atendimento Proativo I,colaborador compreender e tem total controle sobre sua rotina com expertise conhece o processo da operação.,,
RAIMUNDO NONATO DE JESUS NEGRAO,39885844287,MANOBRISTA,Maior que 6 meses,100%,Sem dados,Sem dados,50.00%,Atendimento Básico,,,
RICARDO DOS SANTOS SILVA,9883537174,AJUDANTE DISTRIBUIÇÃO,Entre 2 e 6 meses,93%,Sem dados,Sem dados,46.30%,Atendimento Básico,Colaborador correto e justo, alinhado com processos. PA: treinamento voltado para segurança em rota, GSD e acompanhamento na rota.,,
RICARDO MORAIS,3581743922,MOTORISTA CAMINHÃO DISTRIBUIÇÃO,Maior que 6 meses,100%,100.00%,53.33%,90.67%,Empoderamento II,colaborador compreender e tem total controle sobre sua rotina com expertise conhece o processo da operação.,,
ROQUE CARVALHO DIAS,6867836542,MOTORISTA CAMINHÃO DISTRIBUIÇÃO,Maior que 6 meses,100%,21.05%,Sem dados,56.32%,Atendimento Proativo I,colaborador compreender e tem total controle sobre sua rotina com expertise conhece o processo da operação.,,
SIDNEI JOSE RHODEN,99057271915,MOTORISTA CAMINHÃO DISTRIBUIÇÃO,Maior que 6 meses,100%,100.00%,46.67%,89.33%,Empoderamento I,,,Colaborador experiente e sempre busca.
THIAGO LUIZ PASTANA BORGES,4699255230,AJUDANTE DISTRIBUIÇÃO,Entre 2 e 6 meses,93%,Sem dados,Sem dados,46.30%,Atendimento Básico,colaborador compreende e tem total controle sobre sua rotina. Precisa reciclagem sobre retorno de rota e separação de ativos de giro com AG.,,
VALDOMIRO REINALDO SANTOS,98550063568,MOTORISTA CAMINHÃO DISTRIBUIÇÃO,Entre 2 e 6 meses,100%,Sem dados,Sem dados,50.00%,Atendimento Básico,,,
VANIO AMORIM DE LIMA,58779116272,MANOBRISTA,Maior que 6 meses,100%,61.54%,Sem dados,68.46%,Atendimento Proativo II,,,
VICTOR WILLIAN RODRIGUES SILVA,1706927444,MOTORISTA CAMINHÃO DISTRIBUIÇÃO,Entre 2 e 6 meses,96%,Sem dados,Sem dados,48.15%,Atendimento Básico,Victor é produtivo e comprometido, sempre confere a carga no padrão. PA: melhorar comportamental, temperamento difícil, tratar via feedbacks e acompanhamento diário.,,
WANDERSON AMARAL MONTEIRO,70215408250,AJUDANTE DISTRIBUIÇÃO,Maior que 6 meses,100%,100.00%,28.57%,85.71%,Empoderamento I,colaborador compreende e tem total controle sobre sua rotina com expertise. Porém conduta disciplinar deixa a desejar, postura explosiva em alguns detalhes da operação.,,
